[
    {
        "pk": 1,
        "model": "rush_app.rush",
        "fields": {
            "phone_number": "12033334444",
            "picture": "https://sphotos-b-ord.xx.fbcdn.net/hphotos-ash4/374931_10151118034618284_1625446518_n.jpg",
            "first_name": "Brett",
            "last_name": "Parket",
            "hometown": "",
            "bid": true,
            "frat": 2,
            "last_commented": "2013-07-30T18:32:48Z",
            "notes": "He's a pretty chill kid",
            "dorm": "",
            "email": "brettparket@yahoo.com"
        }
    },
    {
        "pk": 2,
        "model": "rush_app.rush",
        "fields": {
            "phone_number": "4445556666",
            "picture": "",
            "first_name": "Mike",
            "last_name": "Warren",
            "hometown": "Florida",
            "bid": false,
            "frat": 2,
            "last_commented": "2013-07-30T18:33:14Z",
            "notes": "Probably a 5:5",
            "dorm": "South",
            "email": "warren@gmail.com"
        }
    },
    {
        "pk": 3,
        "model": "rush_app.rush",
        "fields": {
            "phone_number": "4440002223",
            "picture": "img/favicon.png",
            "first_name": "Mat",
            "last_name": "Marcus",
            "hometown": "Des Moines, Iowa",
            "bid": true,
            "frat": 2,
            "last_commented": "2013-07-30T18:33:52Z",
            "notes": "The chillest of bros",
            "dorm": "South",
            "email": "marcus@gmail.com"
        }
    },
    {
        "pk": 7,
        "model": "rush_app.rush",
        "fields": {
            "phone_number": "",
            "picture": "",
            "first_name": "Anthony",
            "last_name": "Weiner",
            "hometown": "",
            "bid": true,
            "frat": 3,
            "last_commented": null,
            "notes": "",
            "dorm": "",
            "email": ""
        }
    },
    {
        "pk": 8,
        "model": "rush_app.rush",
        "fields": {
            "phone_number": "",
            "picture": "",
            "first_name": "Evan",
            "last_name": "Chambers",
            "hometown": "",
            "bid": false,
            "frat": 3,
            "last_commented": null,
            "notes": "",
            "dorm": "",
            "email": ""
        }
    },
    {
        "pk": 9,
        "model": "rush_app.rush",
        "fields": {
            "phone_number": "",
            "picture": "",
            "first_name": "Rusty",
            "last_name": "Cartwright",
            "hometown": "",
            "bid": false,
            "frat": 4,
            "last_commented": null,
            "notes": "",
            "dorm": "",
            "email": ""
        }
    },
    {
        "pk": 10,
        "model": "rush_app.rush",
        "fields": {
            "phone_number": "234-234-234",
            "picture": "https://sphotos-a-ord.xx.fbcdn.net/hphotos-ash3/543768_10201495935016342_1229970186_n.jpg",
            "first_name": "Joey",
            "last_name": "Walsh",
            "hometown": "Staten Island",
            "bid": false,
            "frat": 2,
            "last_commented": null,
            "notes": "",
            "dorm": "South",
            "email": "adsdf@ew.com"
        }
    },
    {
        "pk": 11,
        "model": "rush_app.rush",
        "fields": {
            "phone_number": "2345322345",
            "picture": "img/me.png",
            "first_name": "Ben",
            "last_name": "Jacobson",
            "hometown": "New York, NY",
            "bid": false,
            "frat": 2,
            "last_commented": null,
            "notes": "",
            "dorm": "Snell-Hitchcock",
            "email": "ben@jacobson.com"
        }
    },
    {
        "pk": 15,
        "model": "rush_app.rush",
        "fields": {
            "phone_number": "23531245",
            "picture": "",
            "first_name": "Sam ",
            "last_name": "Maidman",
            "hometown": "West Hartford, CT",
            "bid": false,
            "frat": 2,
            "last_commented": null,
            "notes": "",
            "dorm": "South",
            "email": "sam@gmail.com"
        }
    },
    {
        "pk": 21,
        "model": "rush_app.rush",
        "fields": {
            "phone_number": "23423",
            "picture": "",
            "first_name": "Coffee",
            "last_name": "cup",
            "hometown": "adsf",
            "bid": false,
            "frat": 2,
            "last_commented": null,
            "notes": "",
            "dorm": "adsfas",
            "email": "asdfsdf@sdfs.com"
        }
    },
    {
        "pk": 22,
        "model": "rush_app.rush",
        "fields": {
            "phone_number": "23423",
            "picture": "img/test.jpeg",
            "first_name": "Coffee",
            "last_name": "cup",
            "hometown": "adsf",
            "bid": false,
            "frat": 2,
            "last_commented": null,
            "notes": "",
            "dorm": "adsfas",
            "email": "asdfsdf@sdfs.com"
        }
    },
    {
        "pk": 26,
        "model": "rush_app.rush",
        "fields": {
            "phone_number": "",
            "picture": "img/943174_10151457965486344_624172939_n.jpg",
            "first_name": "Sophie",
            "last_name": "Lewis",
            "hometown": "",
            "bid": false,
            "frat": 2,
            "last_commented": null,
            "notes": "",
            "dorm": "",
            "email": ""
        }
    },
    {
        "pk": 27,
        "model": "rush_app.rush",
        "fields": {
            "phone_number": "(203) 313-4070",
            "picture": "img/885050_500028343368325_654385241_o.jpg",
            "first_name": "Brianne",
            "last_name": "Caplan",
            "hometown": "Baltimore",
            "bid": false,
            "frat": 2,
            "last_commented": null,
            "notes": "",
            "dorm": "South",
            "email": "bri@bri.com"
        }
    },
    {
        "pk": 28,
        "model": "rush_app.rush",
        "fields": {
            "phone_number": "(234) 123-4532",
            "picture": "img/me.png",
            "first_name": "First",
            "last_name": "Rush",
            "hometown": "Greenwich, CT",
            "bid": false,
            "frat": 7,
            "last_commented": null,
            "notes": "",
            "dorm": "",
            "email": ""
        }
    },
    {
        "pk": 2,
        "model": "rush_app.frat",
        "fields": {
            "chapter": "Lambda",
            "university": "University of Chicago",
            "password": "pbkdf2_sha256$10000$UOBmTSf2c0Os$h20blOjicJ5Vw2saDMyY4s2pbVUHlpjSXLBApGgAGlM=",
            "name": "Alpha Epsilon Pi"
        }
    },
    {
        "pk": 3,
        "model": "rush_app.frat",
        "fields": {
            "chapter": "Alpha",
            "university": "Cyprus Rhodes",
            "password": "password",
            "name": "Omega Chi"
        }
    },
    {
        "pk": 4,
        "model": "rush_app.frat",
        "fields": {
            "chapter": "Delta",
            "university": "Cyprus Rhodes",
            "password": "password",
            "name": "Kappa Tau"
        }
    },
    {
        "pk": 5,
        "model": "rush_app.frat",
        "fields": {
            "chapter": "Lambda test",
            "university": "Test U",
            "password": "password",
            "name": "Test Frat"
        }
    },
    {
        "pk": 6,
        "model": "rush_app.frat",
        "fields": {
            "chapter": "Testchapter",
            "university": "brobrobro",
            "password": "password",
            "name": "Test frat"
        }
    },
    {
        "pk": 7,
        "model": "rush_app.frat",
        "fields": {
            "chapter": "",
            "university": "Amherst College",
            "password": "pbkdf2_sha256$10000$myfHY7fTpIpA$lv7Ugk6gcwpav/BVbDexJItWhrRcTvhU77L966TwIus=",
            "name": "Alpha Epsilon Pi"
        }
    },
    {
        "pk": 1,
        "model": "rush_app.reputation",
        "fields": {
            "thumbsdown": 1,
            "thumbsup_users": [
                1
            ],
            "thumbsup": 1,
            "thumbsdown_users": [
                1
            ]
        }
    },
    {
        "pk": 2,
        "model": "rush_app.reputation",
        "fields": {
            "thumbsdown": 1,
            "thumbsup_users": [
                1
            ],
            "thumbsup": 1,
            "thumbsdown_users": [
                1
            ]
        }
    },
    {
        "pk": 3,
        "model": "rush_app.reputation",
        "fields": {
            "thumbsdown": 1,
            "thumbsup_users": [
                1
            ],
            "thumbsup": 1,
            "thumbsdown_users": [
                1
            ]
        }
    },
    {
        "pk": 7,
        "model": "rush_app.reputation",
        "fields": {
            "thumbsdown": 0,
            "thumbsup_users": [],
            "thumbsup": 0,
            "thumbsdown_users": []
        }
    },
    {
        "pk": 8,
        "model": "rush_app.reputation",
        "fields": {
            "thumbsdown": 0,
            "thumbsup_users": [],
            "thumbsup": 0,
            "thumbsdown_users": []
        }
    },
    {
        "pk": 9,
        "model": "rush_app.reputation",
        "fields": {
            "thumbsdown": 0,
            "thumbsup_users": [],
            "thumbsup": 0,
            "thumbsdown_users": []
        }
    },
    {
        "pk": 10,
        "model": "rush_app.reputation",
        "fields": {
            "thumbsdown": 0,
            "thumbsup_users": [
                1
            ],
            "thumbsup": 1,
            "thumbsdown_users": []
        }
    },
    {
        "pk": 11,
        "model": "rush_app.reputation",
        "fields": {
            "thumbsdown": 0,
            "thumbsup_users": [
                1
            ],
            "thumbsup": 1,
            "thumbsdown_users": []
        }
    },
    {
        "pk": 15,
        "model": "rush_app.reputation",
        "fields": {
            "thumbsdown": 0,
            "thumbsup_users": [],
            "thumbsup": 0,
            "thumbsdown_users": []
        }
    },
    {
        "pk": 21,
        "model": "rush_app.reputation",
        "fields": {
            "thumbsdown": 0,
            "thumbsup_users": [],
            "thumbsup": 0,
            "thumbsdown_users": []
        }
    },
    {
        "pk": 22,
        "model": "rush_app.reputation",
        "fields": {
            "thumbsdown": 0,
            "thumbsup_users": [
                1
            ],
            "thumbsup": 1,
            "thumbsdown_users": []
        }
    },
    {
        "pk": 26,
        "model": "rush_app.reputation",
        "fields": {
            "thumbsdown": 0,
            "thumbsup_users": [
                1
            ],
            "thumbsup": 1,
            "thumbsdown_users": []
        }
    },
    {
        "pk": 27,
        "model": "rush_app.reputation",
        "fields": {
            "thumbsdown": 0,
            "thumbsup_users": [],
            "thumbsup": 0,
            "thumbsdown_users": []
        }
    },
    {
        "pk": 28,
        "model": "rush_app.reputation",
        "fields": {
            "thumbsdown": 0,
            "thumbsup_users": [],
            "thumbsup": 0,
            "thumbsdown_users": []
        }
    },
    {
        "pk": 1,
        "model": "rush_app.comment",
        "fields": {
            "body": "Comment test",
            "rush": 1,
            "created": "2013-09-23T01:43:00.993Z",
            "userprofile": 25
        }
    },
    {
        "pk": 2,
        "model": "rush_app.comment",
        "fields": {
            "body": "Test comment",
            "rush": 10,
            "created": "2013-09-23T01:48:29.811Z",
            "userprofile": 25
        }
    },
    {
        "pk": 3,
        "model": "rush_app.comment",
        "fields": {
            "body": "Another test comment",
            "rush": 10,
            "created": "2013-09-23T01:49:51.855Z",
            "userprofile": 25
        }
    },
    {
        "pk": 4,
        "model": "rush_app.comment",
        "fields": {
            "body": "Yet another test comment",
            "rush": 10,
            "created": "2013-09-23T01:53:09.379Z",
            "userprofile": 25
        }
    },
    {
        "pk": 5,
        "model": "rush_app.comment",
        "fields": {
            "body": "Another comment",
            "rush": 1,
            "created": "2013-09-23T01:59:14.303Z",
            "userprofile": 25
        }
    },
    {
        "pk": 6,
        "model": "rush_app.comment",
        "fields": {
            "body": "A comment",
            "rush": 10,
            "created": "2013-09-23T02:02:51.170Z",
            "userprofile": 25
        }
    },
    {
        "pk": 7,
        "model": "rush_app.comment",
        "fields": {
            "body": "A comment 2",
            "rush": 10,
            "created": "2013-09-23T02:03:43.333Z",
            "userprofile": 25
        }
    },
    {
        "pk": 8,
        "model": "rush_app.comment",
        "fields": {
            "body": "Comment",
            "rush": 1,
            "created": "2013-12-26T19:42:11.815Z",
            "userprofile": 1
        }
    },
    {
        "pk": 9,
        "model": "rush_app.comment",
        "fields": {
            "body": "Comment from post request",
            "rush": 11,
            "created": "2013-12-26T21:25:17.803Z",
            "userprofile": 1
        }
    },
    {
        "pk": 10,
        "model": "rush_app.comment",
        "fields": {
            "body": "Comment from post request",
            "rush": 11,
            "created": "2013-12-26T21:38:47.966Z",
            "userprofile": 1
        }
    },
    {
        "pk": 11,
        "model": "rush_app.comment",
        "fields": {
            "body": "Comment from post request",
            "rush": 11,
            "created": "2013-12-26T21:38:48.654Z",
            "userprofile": 1
        }
    },
    {
        "pk": 12,
        "model": "rush_app.comment",
        "fields": {
            "body": "POST",
            "rush": 11,
            "created": "2013-12-26T21:55:32.352Z",
            "userprofile": 1
        }
    },
    {
        "pk": 13,
        "model": "rush_app.comment",
        "fields": {
            "body": "POST",
            "rush": 11,
            "created": "2013-12-26T21:59:38.035Z",
            "userprofile": 1
        }
    },
    {
        "pk": 14,
        "model": "rush_app.comment",
        "fields": {
            "body": "Let's do this",
            "rush": 11,
            "created": "2013-12-26T22:21:45.605Z",
            "userprofile": 1
        }
    },
    {
        "pk": 15,
        "model": "rush_app.comment",
        "fields": {
            "body": "Let's do this",
            "rush": 11,
            "created": "2013-12-26T22:26:44.748Z",
            "userprofile": 1
        }
    },
    {
        "pk": 16,
        "model": "rush_app.comment",
        "fields": {
            "body": "Let's do this",
            "rush": 11,
            "created": "2013-12-26T22:26:46.862Z",
            "userprofile": 1
        }
    },
    {
        "pk": 17,
        "model": "rush_app.comment",
        "fields": {
            "body": "Let's do this",
            "rush": 11,
            "created": "2013-12-26T22:26:47.613Z",
            "userprofile": 1
        }
    },
    {
        "pk": 18,
        "model": "rush_app.comment",
        "fields": {
            "body": "Let's do this",
            "rush": 11,
            "created": "2013-12-26T22:26:50.594Z",
            "userprofile": 1
        }
    },
    {
        "pk": 19,
        "model": "rush_app.comment",
        "fields": {
            "body": "Let's do this",
            "rush": 11,
            "created": "2013-12-26T22:26:53.204Z",
            "userprofile": 1
        }
    },
    {
        "pk": 20,
        "model": "rush_app.comment",
        "fields": {
            "body": "Let's do this",
            "rush": 11,
            "created": "2013-12-26T22:26:56.706Z",
            "userprofile": 1
        }
    },
    {
        "pk": 21,
        "model": "rush_app.comment",
        "fields": {
            "body": "Let's do this",
            "rush": 11,
            "created": "2013-12-26T22:26:57.882Z",
            "userprofile": 1
        }
    },
    {
        "pk": 22,
        "model": "rush_app.comment",
        "fields": {
            "body": "Let's do this",
            "rush": 11,
            "created": "2013-12-26T22:26:59.354Z",
            "userprofile": 1
        }
    },
    {
        "pk": 23,
        "model": "rush_app.comment",
        "fields": {
            "body": "Let's do this",
            "rush": 11,
            "created": "2013-12-26T22:27:01.086Z",
            "userprofile": 1
        }
    },
    {
        "pk": 24,
        "model": "rush_app.comment",
        "fields": {
            "body": "boom",
            "rush": 11,
            "created": "2013-12-26T22:29:36.806Z",
            "userprofile": 1
        }
    },
    {
        "pk": 25,
        "model": "rush_app.comment",
        "fields": {
            "body": "boom",
            "rush": 11,
            "created": "2013-12-26T22:29:42.402Z",
            "userprofile": 1
        }
    },
    {
        "pk": 26,
        "model": "rush_app.comment",
        "fields": {
            "body": "boom",
            "rush": 11,
            "created": "2013-12-26T22:29:43.324Z",
            "userprofile": 1
        }
    },
    {
        "pk": 27,
        "model": "rush_app.comment",
        "fields": {
            "body": "boom",
            "rush": 11,
            "created": "2013-12-26T22:30:11.417Z",
            "userprofile": 1
        }
    },
    {
        "pk": 28,
        "model": "rush_app.comment",
        "fields": {
            "body": "work!!",
            "rush": 11,
            "created": "2013-12-26T22:30:33.603Z",
            "userprofile": 1
        }
    },
    {
        "pk": 29,
        "model": "rush_app.comment",
        "fields": {
            "body": "work now",
            "rush": 11,
            "created": "2013-12-26T22:32:53.090Z",
            "userprofile": 1
        }
    },
    {
        "pk": 30,
        "model": "rush_app.comment",
        "fields": {
            "body": "please",
            "rush": 11,
            "created": "2013-12-26T22:34:56.812Z",
            "userprofile": 1
        }
    },
    {
        "pk": 31,
        "model": "rush_app.comment",
        "fields": {
            "body": "yes!!!",
            "rush": 11,
            "created": "2013-12-26T22:35:02.703Z",
            "userprofile": 1
        }
    },
    {
        "pk": 32,
        "model": "rush_app.comment",
        "fields": {
            "body": "brett is cool",
            "rush": 1,
            "created": "2013-12-26T22:37:45.913Z",
            "userprofile": 1
        }
    },
    {
        "pk": 33,
        "model": "rush_app.comment",
        "fields": {
            "body": "ben is cool",
            "rush": 11,
            "created": "2013-12-26T22:37:58.903Z",
            "userprofile": 1
        }
    },
    {
        "pk": 34,
        "model": "rush_app.comment",
        "fields": {
            "body": "",
            "rush": 11,
            "created": "2013-12-26T22:38:24.993Z",
            "userprofile": 1
        }
    },
    {
        "pk": 35,
        "model": "rush_app.comment",
        "fields": {
            "body": "Comment!!",
            "rush": 11,
            "created": "2013-12-26T22:38:30.268Z",
            "userprofile": 1
        }
    },
    {
        "pk": 36,
        "model": "rush_app.comment",
        "fields": {
            "body": "Comment!!",
            "rush": 11,
            "created": "2013-12-26T22:39:16.933Z",
            "userprofile": 1
        }
    },
    {
        "pk": 37,
        "model": "rush_app.comment",
        "fields": {
            "body": "does this still work?",
            "rush": 11,
            "created": "2013-12-26T22:44:51.673Z",
            "userprofile": 1
        }
    },
    {
        "pk": 38,
        "model": "rush_app.comment",
        "fields": {
            "body": "still work?",
            "rush": 11,
            "created": "2013-12-26T22:46:15.839Z",
            "userprofile": 1
        }
    },
    {
        "pk": 39,
        "model": "rush_app.comment",
        "fields": {
            "body": "does this work now?",
            "rush": 1,
            "created": "2013-12-26T22:46:21.052Z",
            "userprofile": 1
        }
    },
    {
        "pk": 40,
        "model": "rush_app.comment",
        "fields": {
            "body": "Interactive!!",
            "rush": 21,
            "created": "2013-12-26T22:46:27.185Z",
            "userprofile": 1
        }
    },
    {
        "pk": 41,
        "model": "rush_app.comment",
        "fields": {
            "body": "Boom",
            "rush": 21,
            "created": "2013-12-26T22:46:31.979Z",
            "userprofile": 1
        }
    },
    {
        "pk": 42,
        "model": "rush_app.comment",
        "fields": {
            "body": "Still works :D",
            "rush": 21,
            "created": "2013-12-26T22:46:58.997Z",
            "userprofile": 1
        }
    },
    {
        "pk": 43,
        "model": "rush_app.comment",
        "fields": {
            "body": "woo hoo",
            "rush": 21,
            "created": "2013-12-26T22:47:03.403Z",
            "userprofile": 1
        }
    },
    {
        "pk": 44,
        "model": "rush_app.comment",
        "fields": {
            "body": "yayy",
            "rush": 11,
            "created": "2013-12-26T22:47:09.041Z",
            "userprofile": 1
        }
    },
    {
        "pk": 45,
        "model": "rush_app.comment",
        "fields": {
            "body": "woo hoo",
            "rush": 11,
            "created": "2013-12-26T22:47:13.464Z",
            "userprofile": 1
        }
    },
    {
        "pk": 46,
        "model": "rush_app.comment",
        "fields": {
            "body": "woo hoo\n\n",
            "rush": 11,
            "created": "2013-12-26T22:47:18.019Z",
            "userprofile": 1
        }
    },
    {
        "pk": 47,
        "model": "rush_app.comment",
        "fields": {
            "body": "try me",
            "rush": 1,
            "created": "2013-12-26T22:50:20.184Z",
            "userprofile": 1
        }
    },
    {
        "pk": 48,
        "model": "rush_app.comment",
        "fields": {
            "body": "try me",
            "rush": 1,
            "created": "2013-12-26T22:50:36.984Z",
            "userprofile": 1
        }
    },
    {
        "pk": 49,
        "model": "rush_app.comment",
        "fields": {
            "body": "try me",
            "rush": 1,
            "created": "2013-12-26T22:50:38.523Z",
            "userprofile": 1
        }
    },
    {
        "pk": 50,
        "model": "rush_app.comment",
        "fields": {
            "body": "try me",
            "rush": 1,
            "created": "2013-12-26T22:50:47.763Z",
            "userprofile": 1
        }
    },
    {
        "pk": 51,
        "model": "rush_app.comment",
        "fields": {
            "body": "try me",
            "rush": 1,
            "created": "2013-12-26T22:50:49.759Z",
            "userprofile": 1
        }
    },
    {
        "pk": 52,
        "model": "rush_app.comment",
        "fields": {
            "body": "try me",
            "rush": 1,
            "created": "2013-12-26T22:50:58.009Z",
            "userprofile": 1
        }
    },
    {
        "pk": 53,
        "model": "rush_app.comment",
        "fields": {
            "body": "now?",
            "rush": 1,
            "created": "2013-12-26T22:54:56.180Z",
            "userprofile": 1
        }
    },
    {
        "pk": 54,
        "model": "rush_app.comment",
        "fields": {
            "body": "tworks!",
            "rush": 22,
            "created": "2013-12-26T22:55:54.764Z",
            "userprofile": 1
        }
    },
    {
        "pk": 55,
        "model": "rush_app.comment",
        "fields": {
            "body": "does my name come up?",
            "rush": 22,
            "created": "2013-12-26T22:59:09.034Z",
            "userprofile": 1
        }
    },
    {
        "pk": 56,
        "model": "rush_app.comment",
        "fields": {
            "body": "yeahh it does",
            "rush": 22,
            "created": "2013-12-26T22:59:16.448Z",
            "userprofile": 1
        }
    },
    {
        "pk": 57,
        "model": "rush_app.comment",
        "fields": {
            "body": "hello",
            "rush": 3,
            "created": "2013-12-26T23:01:09.677Z",
            "userprofile": 1
        }
    },
    {
        "pk": 58,
        "model": "rush_app.comment",
        "fields": {
            "body": "this works now!",
            "rush": 3,
            "created": "2013-12-27T02:28:04.246Z",
            "userprofile": 1
        }
    },
    {
        "pk": 59,
        "model": "rush_app.comment",
        "fields": {
            "body": "Comments are working!",
            "rush": 27,
            "created": "2013-12-27T05:02:39.051Z",
            "userprofile": 1
        }
    },
    {
        "pk": 60,
        "model": "rush_app.comment",
        "fields": {
            "body": "Comment from new user",
            "rush": 27,
            "created": "2013-12-30T03:41:42.173Z",
            "userprofile": 28
        }
    },
    {
        "pk": 1,
        "model": "auth.group",
        "fields": {
            "name": "Rush Chairs",
            "permissions": []
        }
    },
    {
        "pk": 1,
        "model": "auth.user",
        "fields": {
            "username": "abeinstein",
            "first_name": "Andrew",
            "last_name": "Beinstein",
            "is_active": true,
            "is_superuser": true,
            "is_staff": true,
            "last_login": "2014-02-10T19:39:29.618Z",
            "groups": [],
            "user_permissions": [],
            "password": "pbkdf2_sha256$10000$s8cZCnz1QEYw$+yWAd8TTAJIAIQS8Sp2eH5rhdMd1VaUAyX1d/LPVlDI=",
            "email": "andrew.beinstein@gmail.com",
            "date_joined": "2013-07-30T18:05:04Z"
        }
    },
    {
        "pk": 2,
        "model": "auth.user",
        "fields": {
            "username": "adam",
            "first_name": "Adam",
            "last_name": "Gluck",
            "is_active": true,
            "is_superuser": false,
            "is_staff": false,
            "last_login": "2013-08-07T02:46:27Z",
            "groups": [],
            "user_permissions": [],
            "password": "pbkdf2_sha256$10000$Hfa9biWw2fXC$ijtXGKATMvSRGFBbfkyglgBEFSd2W0rRMfxSAmeSE7A=",
            "email": "",
            "date_joined": "2013-08-07T02:46:27Z"
        }
    },
    {
        "pk": 3,
        "model": "auth.user",
        "fields": {
            "username": "test@email.com",
            "first_name": "",
            "last_name": "",
            "is_active": true,
            "is_superuser": false,
            "is_staff": false,
            "last_login": "2013-08-29T03:45:17.902Z",
            "groups": [],
            "user_permissions": [],
            "password": "pbkdf2_sha256$10000$XFg5QKHOZOtE$kh5GBlBNsKxmseiNOoA0nGkvlQ9SWlHBmuBk44qrvxE=",
            "email": "test@email.com",
            "date_joined": "2013-08-29T03:45:17.902Z"
        }
    },
    {
        "pk": 5,
        "model": "auth.user",
        "fields": {
            "username": "test1@email.com",
            "first_name": "",
            "last_name": "",
            "is_active": true,
            "is_superuser": false,
            "is_staff": false,
            "last_login": "2013-08-29T03:46:19.547Z",
            "groups": [],
            "user_permissions": [],
            "password": "pbkdf2_sha256$10000$pHcFgG2fWhZY$+mKIh0g7s2KsIZXuhqU910At0q/ugYMyAujzYOy9x98=",
            "email": "test1@email.com",
            "date_joined": "2013-08-29T03:46:19.547Z"
        }
    },
    {
        "pk": 7,
        "model": "auth.user",
        "fields": {
            "username": "slewis",
            "first_name": "Sophie",
            "last_name": "Lewis",
            "is_active": true,
            "is_superuser": false,
            "is_staff": false,
            "last_login": "2013-09-22T00:30:43.827Z",
            "groups": [],
            "user_permissions": [],
            "password": "pbkdf2_sha256$10000$GhkMEe3FWvwR$LkyJydE6em2H2IP9h53xOAVKTgwiUzUM/lDWx/5bSHM=",
            "email": "",
            "date_joined": "2013-09-22T00:29:05Z"
        }
    },
    {
        "pk": 8,
        "model": "auth.user",
        "fields": {
            "username": "andrewbeinstein",
            "first_name": "",
            "last_name": "",
            "is_active": true,
            "is_superuser": false,
            "is_staff": false,
            "last_login": "2013-09-22T08:35:29.905Z",
            "groups": [],
            "user_permissions": [],
            "password": "pbkdf2_sha256$10000$RZT5rIpgKmgQ$Kukv1pQSltGbaDyLP6U4J/6ecuFOC1cAeil/3BtlalY=",
            "email": "abeinstein+test450009217@uchicago.edu",
            "date_joined": "2013-09-22T08:35:29.555Z"
        }
    },
    {
        "pk": 9,
        "model": "auth.user",
        "fields": {
            "username": "andrewbeinstein1",
            "first_name": "",
            "last_name": "",
            "is_active": true,
            "is_superuser": false,
            "is_staff": false,
            "last_login": "2013-09-22T08:35:39.723Z",
            "groups": [],
            "user_permissions": [],
            "password": "pbkdf2_sha256$10000$bTATN2KpzCk9$BPZcaC3zg4tgDKB57ydJ3ElIIJhgVjDCN907d0uNvKw=",
            "email": "abeinstein@uchicago.edu",
            "date_joined": "2013-09-22T08:35:39.417Z"
        }
    },
    {
        "pk": 10,
        "model": "auth.user",
        "fields": {
            "username": "andrewbeinstein2",
            "first_name": "",
            "last_name": "",
            "is_active": true,
            "is_superuser": false,
            "is_staff": false,
            "last_login": "2013-09-22T20:05:33.428Z",
            "groups": [],
            "user_permissions": [],
            "password": "pbkdf2_sha256$10000$x94juY6KAahv$vPqtbSrErnalDURylM03NrkIdrmLbJevlo6oUjJ/GIc=",
            "email": "abeinstein+test725644348@uchicago.edu",
            "date_joined": "2013-09-22T20:05:33.050Z"
        }
    },
    {
        "pk": 11,
        "model": "auth.user",
        "fields": {
            "username": "abeinstein1",
            "first_name": "",
            "last_name": "",
            "is_active": true,
            "is_superuser": false,
            "is_staff": false,
            "last_login": "2013-09-22T22:05:10.036Z",
            "groups": [],
            "user_permissions": [],
            "password": "pbkdf2_sha256$10000$lqfKkuM9thOR$ZNdshmlDJJ9J1pYFtCH2SIPCuWdgXdFOnNpHbbPGI+w=",
            "email": "andrew@beinste.in",
            "date_joined": "2013-09-22T22:05:09.727Z"
        }
    },
    {
        "pk": 12,
        "model": "auth.user",
        "fields": {
            "username": "andrewbeinstein3",
            "first_name": "",
            "last_name": "",
            "is_active": true,
            "is_superuser": false,
            "is_staff": false,
            "last_login": "2013-09-22T23:30:58.867Z",
            "groups": [],
            "user_permissions": [],
            "password": "pbkdf2_sha256$10000$slzj0zJHWBzZ$OC0OZwBLeMszqR1dtdshpnbphjw3yjxAGj/a2ByL+sY=",
            "email": "andrewbeinstein@gmail.com",
            "date_joined": "2013-09-22T23:30:58.499Z"
        }
    },
    {
        "pk": 13,
        "model": "auth.user",
        "fields": {
            "username": "andrewbeinstein4",
            "first_name": "",
            "last_name": "",
            "is_active": true,
            "is_superuser": false,
            "is_staff": false,
            "last_login": "2013-09-23T00:04:01.102Z",
            "groups": [],
            "user_permissions": [],
            "password": "pbkdf2_sha256$10000$nYA5QlUkQb4x$cLtiANNYFqHDeBlKsLFazEFdjH9N2O9/igKV31e7Bhc=",
            "email": "andrew@gmail.com",
            "date_joined": "2013-09-23T00:04:01.102Z"
        }
    },
    {
        "pk": 15,
        "model": "auth.user",
        "fields": {
            "username": "adam1",
            "first_name": "",
            "last_name": "",
            "is_active": true,
            "is_superuser": false,
            "is_staff": false,
            "last_login": "2013-09-23T01:19:33.802Z",
            "groups": [],
            "user_permissions": [],
            "password": "pbkdf2_sha256$10000$CHNualeRpPzu$7tGhX9FafnHxkI7DjBzwXs+3KygHhbMompRhEk85dWg=",
            "email": "adam@email.com",
            "date_joined": "2013-09-23T01:19:33.802Z"
        }
    },
    {
        "pk": 16,
        "model": "auth.user",
        "fields": {
            "username": "adam2",
            "first_name": "Adam",
            "last_name": "Gluck",
            "is_active": true,
            "is_superuser": false,
            "is_staff": false,
            "last_login": "2013-09-23T01:22:43.575Z",
            "groups": [],
            "user_permissions": [],
            "password": "pbkdf2_sha256$10000$VsBzJXAklBSd$Imv/u0taAnSvUZL9loHGHK+SXpsPD/mrEWxSlfOqvqQ=",
            "email": "adam@email.com",
            "date_joined": "2013-09-23T01:22:43.575Z"
        }
    },
    {
        "pk": 17,
        "model": "auth.user",
        "fields": {
            "username": "adam3",
            "first_name": "Adam",
            "last_name": "Gluck",
            "is_active": true,
            "is_superuser": false,
            "is_staff": false,
            "last_login": "2013-09-23T01:24:02.119Z",
            "groups": [],
            "user_permissions": [],
            "password": "pbkdf2_sha256$10000$naqtiLumP2Iu$MPCpZ/PzvFSsspA/vTlTRD4fMr1SL+BmPADjdnVrNXw=",
            "email": "adam@email.com",
            "date_joined": "2013-09-23T01:23:48.086Z"
        }
    },
    {
        "pk": 18,
        "model": "auth.user",
        "fields": {
            "username": "mitch",
            "first_name": "Mitch",
            "last_name": "Levy",
            "is_active": true,
            "is_superuser": false,
            "is_staff": false,
            "last_login": "2013-09-23T01:28:51.473Z",
            "groups": [],
            "user_permissions": [],
            "password": "pbkdf2_sha256$10000$qsoizxICK8Yl$/5PzjYBKmL65y0HIVaCRgORkdGmNdKUYN84O8knyDQk=",
            "email": "mlevy@email.com",
            "date_joined": "2013-09-23T01:28:51.473Z"
        }
    },
    {
        "pk": 19,
        "model": "auth.user",
        "fields": {
            "username": "mitch1",
            "first_name": "Mitch",
            "last_name": "Levy",
            "is_active": true,
            "is_superuser": false,
            "is_staff": false,
            "last_login": "2013-09-23T01:29:29.497Z",
            "groups": [],
            "user_permissions": [],
            "password": "pbkdf2_sha256$10000$2BRxjPfkYoBo$Glb2LvYL23uPEV0QuCmTIVnrdKGsAXDQ2dtDo6quW64=",
            "email": "mlevy@email.com",
            "date_joined": "2013-09-23T01:29:29.497Z"
        }
    },
    {
        "pk": 20,
        "model": "auth.user",
        "fields": {
            "username": "mitch2",
            "first_name": "Mitch",
            "last_name": "Levy",
            "is_active": true,
            "is_superuser": false,
            "is_staff": false,
            "last_login": "2013-09-23T01:31:01.749Z",
            "groups": [],
            "user_permissions": [],
            "password": "pbkdf2_sha256$10000$kvwcoT8TLpRX$4xcUBUORrw8yyjirJUzeQLBCu9IcqWDqCz07K1CLptM=",
            "email": "mlevy@email.com",
            "date_joined": "2013-09-23T01:31:01.749Z"
        }
    },
    {
        "pk": 21,
        "model": "auth.user",
        "fields": {
            "username": "mitch4",
            "first_name": "Mitch",
            "last_name": "Levy",
            "is_active": true,
            "is_superuser": false,
            "is_staff": false,
            "last_login": "2013-09-23T01:31:35.262Z",
            "groups": [],
            "user_permissions": [],
            "password": "pbkdf2_sha256$10000$zlFKFbpzSwib$QO4214uqHyDehVE1ZIs9IBxXbHkJwAA5BsgoUKZ+81c=",
            "email": "m@email.com",
            "date_joined": "2013-09-23T01:31:25.150Z"
        }
    },
    {
        "pk": 22,
        "model": "auth.user",
        "fields": {
            "username": "brett1",
            "first_name": "Brett",
            "last_name": "Parket",
            "is_active": true,
            "is_superuser": false,
            "is_staff": false,
            "last_login": "2013-09-23T01:34:28.275Z",
            "groups": [],
            "user_permissions": [],
            "password": "pbkdf2_sha256$10000$sRtOVWuGEbkR$myLKnzEekAh9pwHXIQ0S/+CCDLd5tIsDg64GSVY7Hf8=",
            "email": "brett@email.com",
            "date_joined": "2013-09-23T01:34:28.275Z"
        }
    },
    {
        "pk": 23,
        "model": "auth.user",
        "fields": {
            "username": "brett2",
            "first_name": "Brett",
            "last_name": "Parket",
            "is_active": true,
            "is_superuser": false,
            "is_staff": false,
            "last_login": "2013-09-23T01:35:00.327Z",
            "groups": [],
            "user_permissions": [],
            "password": "pbkdf2_sha256$10000$D0ygalvJK9yZ$BPVxkumGckIUP3jaTPVCHVZ7Swc/nTWoQBwqCnUpUGo=",
            "email": "brett@email.com",
            "date_joined": "2013-09-23T01:35:00.327Z"
        }
    },
    {
        "pk": 24,
        "model": "auth.user",
        "fields": {
            "username": "brett4",
            "first_name": "Brett",
            "last_name": "Parket",
            "is_active": true,
            "is_superuser": false,
            "is_staff": false,
            "last_login": "2013-09-23T01:38:31.688Z",
            "groups": [],
            "user_permissions": [],
            "password": "pbkdf2_sha256$10000$bBnyCoxftTXd$75Y0jijcitNAAiQVyNVtIJiMBMr5RMRknjXc6JNPUVY=",
            "email": "brett@email.com",
            "date_joined": "2013-09-23T01:38:31.209Z"
        }
    },
    {
        "pk": 25,
        "model": "auth.user",
        "fields": {
            "username": "alex",
            "first_name": "Alex",
            "last_name": "Gura",
            "is_active": true,
            "is_superuser": false,
            "is_staff": false,
            "last_login": "2013-09-23T01:40:37.015Z",
            "groups": [],
            "user_permissions": [],
            "password": "pbkdf2_sha256$10000$Uh62i46IqdtF$rSdrZwmlK+SWR6huDkCY6pyXbiKw/TxaTd2znvjddqM=",
            "email": "alex@email.com",
            "date_joined": "2013-09-23T01:40:36.645Z"
        }
    },
    {
        "pk": 26,
        "model": "auth.user",
        "fields": {
            "username": "abeinstein5",
            "first_name": "Andrew",
            "last_name": "Beinstein",
            "is_active": true,
            "is_superuser": false,
            "is_staff": false,
            "last_login": "2013-09-23T03:20:44.402Z",
            "groups": [],
            "user_permissions": [],
            "password": "pbkdf2_sha256$10000$iq8kIb18jUIW$6r1rhYFAPS5EQr+G1111ef5Hec/rHpIo+R5S4Ex+b+g=",
            "email": "andrew@email.com",
            "date_joined": "2013-09-23T03:20:44.062Z"
        }
    },
    {
        "pk": 27,
        "model": "auth.user",
        "fields": {
            "username": "user",
            "first_name": "New",
            "last_name": "User",
            "is_active": true,
            "is_superuser": false,
            "is_staff": false,
            "last_login": "2013-12-30T03:38:54.967Z",
            "groups": [],
            "user_permissions": [],
            "password": "pbkdf2_sha256$10000$0cVEIz7gEe9z$nvxm/HnihpTG66/Rt4/Tjx/2EGDtic0q1Memm7ZM15g=",
            "email": "newuser@user.com",
            "date_joined": "2013-12-30T03:25:12.299Z"
        }
    },
    {
        "pk": 28,
        "model": "auth.user",
        "fields": {
            "username": "newuser",
            "first_name": "New",
            "last_name": "User",
            "is_active": true,
            "is_superuser": false,
            "is_staff": false,
            "last_login": "2013-12-30T03:41:24.112Z",
            "groups": [],
            "user_permissions": [],
            "password": "pbkdf2_sha256$10000$OW0fMsRg5Hf4$iOmHiHyKxeAaH03V2U17w8F8jYR32GmEHPGb/1yPBF0=",
            "email": "newuser@user.com",
            "date_joined": "2013-12-30T03:41:23.574Z"
        }
    },
    {
        "pk": 29,
        "model": "auth.user",
        "fields": {
            "username": "anew",
            "first_name": "Anew",
            "last_name": "User",
            "is_active": true,
            "is_superuser": false,
            "is_staff": false,
            "last_login": "2013-12-30T05:33:30.861Z",
            "groups": [],
            "user_permissions": [],
            "password": "pbkdf2_sha256$10000$tr4sx4RD6u69$4rqDq/D7SzvwoyGX85pJLafYGajbS4wkR8Wd5wEGGvo=",
            "email": "anew@user.com",
            "date_joined": "2013-12-30T05:33:22.369Z"
        }
    },
    {
        "pk": 30,
        "model": "auth.user",
        "fields": {
            "username": "amherstuser",
            "first_name": "Andrew",
            "last_name": "Beinstein",
            "is_active": true,
            "is_superuser": false,
            "is_staff": false,
            "last_login": "2013-12-30T16:53:16.247Z",
            "groups": [],
            "user_permissions": [],
            "password": "pbkdf2_sha256$10000$unjJZf35b4zy$wowYsW+Om5UlUYFbLPZvL8XhJTH/VwBMOiDIdBg6rwQ=",
            "email": "em@em.com",
            "date_joined": "2013-12-30T16:53:15.084Z"
        }
    },
    {
        "pk": 1,
        "model": "rush_app.userprofile",
        "fields": {
            "frat": 2,
            "is_admin": true
        }
    },
    {
        "pk": 2,
        "model": "rush_app.userprofile",
        "fields": {
            "frat": 3,
            "is_admin": true
        }
    },
    {
        "pk": 3,
        "model": "rush_app.userprofile",
        "fields": {
            "frat": 2,
            "is_admin": false
        }
    },
    {
        "pk": 5,
        "model": "rush_app.userprofile",
        "fields": {
            "frat": 2,
            "is_admin": false
        }
    },
    {
        "pk": 7,
        "model": "rush_app.userprofile",
        "fields": {
            "frat": 2,
            "is_admin": false
        }
    },
    {
        "pk": 17,
        "model": "rush_app.userprofile",
        "fields": {
            "frat": 2,
            "is_admin": false
        }
    },
    {
        "pk": 18,
        "model": "rush_app.userprofile",
        "fields": {
            "frat": 2,
            "is_admin": false
        }
    },
    {
        "pk": 19,
        "model": "rush_app.userprofile",
        "fields": {
            "frat": 2,
            "is_admin": false
        }
    },
    {
        "pk": 20,
        "model": "rush_app.userprofile",
        "fields": {
            "frat": 2,
            "is_admin": false
        }
    },
    {
        "pk": 21,
        "model": "rush_app.userprofile",
        "fields": {
            "frat": 2,
            "is_admin": false
        }
    },
    {
        "pk": 22,
        "model": "rush_app.userprofile",
        "fields": {
            "frat": 2,
            "is_admin": false
        }
    },
    {
        "pk": 23,
        "model": "rush_app.userprofile",
        "fields": {
            "frat": 2,
            "is_admin": false
        }
    },
    {
        "pk": 24,
        "model": "rush_app.userprofile",
        "fields": {
            "frat": 2,
            "is_admin": false
        }
    },
    {
        "pk": 25,
        "model": "rush_app.userprofile",
        "fields": {
            "frat": 2,
            "is_admin": false
        }
    },
    {
        "pk": 26,
        "model": "rush_app.userprofile",
        "fields": {
            "frat": 2,
            "is_admin": false
        }
    },
    {
        "pk": 28,
        "model": "rush_app.userprofile",
        "fields": {
            "frat": 2,
            "is_admin": false
        }
    },
    {
        "pk": 29,
        "model": "rush_app.userprofile",
        "fields": {
            "frat": 2,
            "is_admin": false
        }
    },
    {
        "pk": 30,
        "model": "rush_app.userprofile",
        "fields": {
            "frat": 7,
            "is_admin": false
        }
    }
]